Source File	Size	loadResources	load	generateSnapshots	load-configure	scan	loadDepInfo	loadInfo	checkR4R4B	generateNarratives	validate	loadLists	checkConformanceResources	checkConformanceResources2	checkConformanceResources3	generateLogicalMaps	validateExpressions	scanForUsageStats	checkURLsUnique	processProvenanceDetails	generate1	generate2	generateLogicals	makeDependencies	generateExampleZip	generateValidationPack	scanProfilesForR5	scanExamplesForR5
/fsh-generated/resources/ImplementationGuide-smart.who.int.ra.json	14263	-	0	0	0	0	0	0	17	102	0	0	0	0	0	0	0	1	0	0	113	139	0	0	0	4	0	1
fsh-generated/resources/ActorDefinition-ClientRegistry.json	842	16	0	0	1	0	0	0	0	15	0	0	0	0	0	0	0	0	0	0	18	34	0	1	0	0	0	0
fsh-generated/resources/ActorDefinition-FacilityRegistry.json	448	10	0	0	0	0	0	0	0	11	0	0	0	0	0	0	0	0	0	0	15	26	0	0	0	1	0	0
fsh-generated/resources/ActorDefinition-HealthManagementInformationSystem.json	488	10	0	0	0	0	0	0	1	12	0	0	0	0	0	0	0	0	0	0	25	19	0	0	0	0	0	0
fsh-generated/resources/ActorDefinition-HealthWorkerRegistry.json	887	11	0	0	0	0	0	0	0	10	0	0	0	0	0	0	0	0	0	0	24	30	0	0	0	0	0	0
fsh-generated/resources/ActorDefinition-InteroperabilityLayer.json	931	10	0	0	1	0	0	0	0	10	0	0	0	0	0	0	0	0	0	0	16	27	0	0	0	1	0	0
fsh-generated/resources/ActorDefinition-LogisticsManagementInformationSystem.json	507	10	0	0	0	0	0	0	0	10	0	0	0	0	0	0	0	0	0	0	15	24	0	0	0	0	0	0
fsh-generated/resources/ActorDefinition-PointOfServiceSystem.json	472	9	0	0	0	0	0	0	0	11	0	0	0	0	0	0	0	0	0	0	15	27	0	0	0	0	0	0
fsh-generated/resources/ActorDefinition-SharedHealthRecord.json	458	11	0	0	0	0	0	0	1	10	0	0	0	0	0	0	0	0	0	0	15	19	0	0	0	0	0	0
fsh-generated/resources/ActorDefinition-TerminologyService.json	463	12	0	0	0	0	0	0	0	11	0	0	0	0	0	0	0	0	0	0	15	23	0	0	0	1	0	0
